{"cameraMode":{"drawMode":0,"name":"Shaded","section":"Shading Mode"},"sceneLighting":true,"audioPlay":false,"sceneViewState":{"showFog":true,"showMaterialUpdate":false,"showSkybox":true,"showFlares":true,"showImageEffects":true,"showParticleSystems":true},"in2DMode":false,"pivot":{"x":2.706822156906128,"y":-2.348318576812744,"z":11.130841255187989},"rotation":{"x":-0.29932701587677,"y":-0.006655456032603979,"z":0.0021245814859867098,"w":-0.9541250467300415},"size":12.403215408325196,"orthographic":false}