{"cameraMode":{"drawMode":0,"name":"Shaded","section":"Shading Mode"},"sceneLighting":true,"audioPlay":false,"sceneViewState":{"showFog":true,"showMaterialUpdate":false,"showSkybox":true,"showFlares":true,"showImageEffects":true,"showParticleSystems":true},"in2DMode":false,"pivot":{"x":85.36268615722656,"y":-33.89512634277344,"z":-154.0526885986328},"rotation":{"x":-0.45882347226142886,"y":-0.0016723115695640445,"z":0.0009158772882074118,"w":-0.8885254263877869},"size":64.07687377929688,"orthographic":false}