{"cameraMode":{"drawMode":0,"name":"Shaded","section":"Shading Mode"},"sceneLighting":false,"audioPlay":false,"sceneViewState":{"showFog":true,"showMaterialUpdate":false,"showSkybox":true,"showFlares":true,"showImageEffects":true,"showParticleSystems":true},"in2DMode":false,"pivot":{"x":0.0,"y":0.1275959014892578,"z":0.012075021862983704},"rotation":{"x":-0.07819591462612152,"y":0.036704856902360919,"z":-0.0028828803915530445,"w":-0.9962579607963562},"size":0.9144784212112427,"orthographic":false}